[{"model": "contenttypes.contenttype", "pk": 1, "fields": {"app_label": "admin", "model": "logentry"}}, {"model": "contenttypes.contenttype", "pk": 2, "fields": {"app_label": "auth", "model": "group"}}, {"model": "contenttypes.contenttype", "pk": 3, "fields": {"app_label": "auth", "model": "permission"}}, {"model": "contenttypes.contenttype", "pk": 4, "fields": {"app_label": "auth", "model": "user"}}, {"model": "contenttypes.contenttype", "pk": 5, "fields": {"app_label": "contenttypes", "model": "contenttype"}}, {"model": "contenttypes.contenttype", "pk": 6, "fields": {"app_label": "sessions", "model": "session"}}, {"model": "contenttypes.contenttype", "pk": 7, "fields": {"app_label": "reports", "model": "report"}}, {"model": "contenttypes.contenttype", "pk": 8, "fields": {"app_label": "reports", "model": "reportresponse"}}, {"model": "sessions.session", "pk": "tgueofeiaq0f7e2x1rhhjwcnzwde8abx", "fields": {"session_data": "YzQzN2JjNWI0Y2JmMTM4NjU3YTY0MmExYzMwNDA1MDY1MmVjYWU3YTp7Il9hdXRoX3VzZXJfaGFzaCI6ImJkMmE1ZjQ0Y2RhYTIxNGFkZTQzZTk2ZjJhZmRlOGY5NzFkYTMzYzMiLCJfYXV0aF91c2VyX2JhY2tlbmQiOiJkamFuZ28uY29udHJpYi5hdXRoLmJhY2tlbmRzLk1vZGVsQmFja2VuZCIsIl9hdXRoX3VzZXJfaWQiOiIxIn0=", "expire_date": "2019-09-23T23:12:47.307Z"}}, {"model": "auth.permission", "pk": 1, "fields": {"name": "Can add log entry", "content_type": 1, "codename": "add_logentry"}}, {"model": "auth.permission", "pk": 2, "fields": {"name": "Can change log entry", "content_type": 1, "codename": "change_logentry"}}, {"model": "auth.permission", "pk": 3, "fields": {"name": "Can delete log entry", "content_type": 1, "codename": "delete_logentry"}}, {"model": "auth.permission", "pk": 4, "fields": {"name": "Can add group", "content_type": 2, "codename": "add_group"}}, {"model": "auth.permission", "pk": 5, "fields": {"name": "Can change group", "content_type": 2, "codename": "change_group"}}, {"model": "auth.permission", "pk": 6, "fields": {"name": "Can delete group", "content_type": 2, "codename": "delete_group"}}, {"model": "auth.permission", "pk": 7, "fields": {"name": "Can add permission", "content_type": 3, "codename": "add_permission"}}, {"model": "auth.permission", "pk": 8, "fields": {"name": "Can change permission", "content_type": 3, "codename": "change_permission"}}, {"model": "auth.permission", "pk": 9, "fields": {"name": "Can delete permission", "content_type": 3, "codename": "delete_permission"}}, {"model": "auth.permission", "pk": 10, "fields": {"name": "Can add user", "content_type": 4, "codename": "add_user"}}, {"model": "auth.permission", "pk": 11, "fields": {"name": "Can change user", "content_type": 4, "codename": "change_user"}}, {"model": "auth.permission", "pk": 12, "fields": {"name": "Can delete user", "content_type": 4, "codename": "delete_user"}}, {"model": "auth.permission", "pk": 13, "fields": {"name": "Can add content type", "content_type": 5, "codename": "add_contenttype"}}, {"model": "auth.permission", "pk": 14, "fields": {"name": "Can change content type", "content_type": 5, "codename": "change_contenttype"}}, {"model": "auth.permission", "pk": 15, "fields": {"name": "Can delete content type", "content_type": 5, "codename": "delete_contenttype"}}, {"model": "auth.permission", "pk": 16, "fields": {"name": "Can add session", "content_type": 6, "codename": "add_session"}}, {"model": "auth.permission", "pk": 17, "fields": {"name": "Can change session", "content_type": 6, "codename": "change_session"}}, {"model": "auth.permission", "pk": 18, "fields": {"name": "Can delete session", "content_type": 6, "codename": "delete_session"}}, {"model": "auth.permission", "pk": 19, "fields": {"name": "Can add report", "content_type": 7, "codename": "add_report"}}, {"model": "auth.permission", "pk": 20, "fields": {"name": "Can change report", "content_type": 7, "codename": "change_report"}}, {"model": "auth.permission", "pk": 21, "fields": {"name": "Can delete report", "content_type": 7, "codename": "delete_report"}}, {"model": "auth.permission", "pk": 22, "fields": {"name": "Can add report response", "content_type": 8, "codename": "add_reportresponse"}}, {"model": "auth.permission", "pk": 23, "fields": {"name": "Can change report response", "content_type": 8, "codename": "change_reportresponse"}}, {"model": "auth.permission", "pk": 24, "fields": {"name": "Can delete report response", "content_type": 8, "codename": "delete_reportresponse"}}, {"model": "auth.user", "pk": 1, "fields": {"password": "pbkdf2_sha256$36000$4sGIMlpldfDs$oR7yjmxoJ4aPGoYOINyClyB7nLJ7NztZ4zbO3I0D1B0=", "last_login": "2019-09-09T23:12:47Z", "is_superuser": true, "username": "user1", "first_name": "User", "last_name": "One", "email": "userone@email.com", "is_staff": true, "is_active": true, "date_joined": "2019-09-09T23:12:26Z", "groups": [], "user_permissions": []}}, {"model": "auth.user", "pk": 4, "fields": {"password": "pbkdf2_sha256$36000$l8rAUj62uNhl$woFwMbYBH5r6mwXst/U7wf1JpaBQymMhoe0idO5A2kg=", "last_login": null, "is_superuser": false, "username": "user2", "first_name": "User", "last_name": "Two", "email": "usertwo@email.com", "is_staff": false, "is_active": true, "date_joined": "2019-09-12T19:47:15Z", "groups": [], "user_permissions": []}}, {"model": "auth.user", "pk": 5, "fields": {"password": "pbkdf2_sha256$36000$9CzLsbakXcoZ$de4AT+09ge6C/3BKk1m5RW75ZF8CX+SNHrhPTCAyT6g=", "last_login": null, "is_superuser": false, "username": "user3", "first_name": "User", "last_name": "Three", "email": "userthree@email.com", "is_staff": false, "is_active": true, "date_joined": "2019-09-12T19:47:57Z", "groups": [], "user_permissions": []}}, {"model": "auth.user", "pk": 6, "fields": {"password": "pbkdf2_sha256$36000$cwOBAWghnbVu$6gv1oa0E8dNe3WpwshU+C5R9gPi+H7N7wHMPDsLsZ/Q=", "last_login": null, "is_superuser": false, "username": "user4", "first_name": "User", "last_name": "Four", "email": "userfour@email.com", "is_staff": false, "is_active": true, "date_joined": "2019-09-12T19:48:21Z", "groups": [], "user_permissions": []}}, {"model": "auth.user", "pk": 7, "fields": {"password": "pbkdf2_sha256$36000$vFm095BQ7h4N$L4Andza7Z/Pxl6dDyXJEeCS3kQjqRrpdACWONPj7eaA=", "last_login": null, "is_superuser": false, "username": "user5", "first_name": "User", "last_name": "Five", "email": "userfive@email.com", "is_staff": false, "is_active": true, "date_joined": "2019-09-12T19:48:43Z", "groups": [], "user_permissions": []}}, {"model": "auth.user", "pk": 8, "fields": {"password": "pbkdf2_sha256$36000$Smo743hGQamZ$+mGdlZf+wXeusToJstViSF6J011Ly0EMCdf9BOz06ys=", "last_login": null, "is_superuser": false, "username": "user6", "first_name": "User", "last_name": "Six", "email": "usersix@email.com", "is_staff": false, "is_active": true, "date_joined": "2019-09-12T19:49:02Z", "groups": [], "user_permissions": []}}, {"model": "auth.user", "pk": 9, "fields": {"password": "pbkdf2_sha256$36000$zRGDEC8ObQ7Z$AfBhHbRi7SZNnV9M5At2+lBYNaLFCSH883jv0qYeJsg=", "last_login": null, "is_superuser": false, "username": "user7", "first_name": "User", "last_name": "Seve", "email": "userseven@email.com", "is_staff": false, "is_active": true, "date_joined": "2019-09-12T19:49:21Z", "groups": [], "user_permissions": []}}, {"model": "auth.user", "pk": 10, "fields": {"password": "pbkdf2_sha256$36000$vrPWnP5l4FeA$2yKg+NOoIBmXcJuJd8fsReshnFYz2yzJSi4ZQnaC4x4=", "last_login": null, "is_superuser": false, "username": "user8", "first_name": "User", "last_name": "Eight", "email": "usereight@email.com", "is_staff": false, "is_active": true, "date_joined": "2019-09-12T19:49:37Z", "groups": [], "user_permissions": []}}, {"model": "auth.user", "pk": 11, "fields": {"password": "pbkdf2_sha256$36000$9C87hef8etJ5$y1ADuxBudx31jXqOozi5k4cTcbCCEF8Fq5v0flBYYRg=", "last_login": null, "is_superuser": false, "username": "user9", "first_name": "User", "last_name": "Nine", "email": "usernine@email.com", "is_staff": false, "is_active": true, "date_joined": "2019-09-12T19:49:55Z", "groups": [], "user_permissions": []}}, {"model": "auth.user", "pk": 12, "fields": {"password": "pbkdf2_sha256$36000$XezSMGI3Lvxw$hjhD4lls03NzXLrHUeFZ/XlrPjZm113icvt6lbg0fLY=", "last_login": null, "is_superuser": false, "username": "user10", "first_name": "User", "last_name": "Ten", "email": "userten@email.com", "is_staff": false, "is_active": true, "date_joined": "2019-09-12T19:50:17Z", "groups": [], "user_permissions": []}}, {"model": "auth.user", "pk": 13, "fields": {"password": "pbkdf2_sha256$36000$nJzQHIwOkW4a$vlViPItg3NUUZsYfDP4c7l2k8h58jHQ0RzY/4aQk0rk=", "last_login": null, "is_superuser": false, "username": "user11", "first_name": "User", "last_name": "Eleven", "email": "usereleven@email.com", "is_staff": false, "is_active": true, "date_joined": "2019-09-12T19:50:37Z", "groups": [], "user_permissions": []}}, {"model": "auth.user", "pk": 14, "fields": {"password": "pbkdf2_sha256$36000$Zdn8JpwYvutF$XtOBoEPcypviFh7kwH+39we4oaIljs8M33tJyKuUt2A=", "last_login": null, "is_superuser": false, "username": "user12", "first_name": "User", "last_name": "Twelve", "email": "usertwelve@email.com", "is_staff": false, "is_active": true, "date_joined": "2019-09-12T19:51:05Z", "groups": [], "user_permissions": []}}, {"model": "auth.user", "pk": 15, "fields": {"password": "pbkdf2_sha256$36000$jzD85FO4zqhs$JWEpRwJL/2/mVBdWQ2syLxFJpU5NBjRmRCMPJYpaxTQ=", "last_login": null, "is_superuser": false, "username": "user13", "first_name": "User", "last_name": "Thirteen", "email": "userthirteen@email.com", "is_staff": false, "is_active": true, "date_joined": "2019-09-12T19:51:32Z", "groups": [], "user_permissions": []}}, {"model": "auth.user", "pk": 16, "fields": {"password": "pbkdf2_sha256$36000$grFUgWVtGdRN$nYvayb9oPIGdcTSgpbDCvcIo4ML+qxHhAe4dshSZUIw=", "last_login": null, "is_superuser": false, "username": "user14", "first_name": "User", "last_name": "Fourteen", "email": "userfourteen@email.com", "is_staff": false, "is_active": true, "date_joined": "2019-09-12T19:51:52Z", "groups": [], "user_permissions": []}}, {"model": "auth.user", "pk": 17, "fields": {"password": "pbkdf2_sha256$36000$SXCMLpxrx53j$B9nJ14eDLOLNEeRso309Y3pnPq5PM+msXY765m4A7+Q=", "last_login": null, "is_superuser": false, "username": "user15", "first_name": "User", "last_name": "Fifteen", "email": "userfifteen@email.com", "is_staff": false, "is_active": true, "date_joined": "2019-09-12T19:52:12Z", "groups": [], "user_permissions": []}}, {"model": "auth.user", "pk": 18, "fields": {"password": "pbkdf2_sha256$36000$f5BeVn4lVQWR$QvhcEfeOtyN8+76D4ookOzCs3E3itEMG4+QSDsQyzzw=", "last_login": null, "is_superuser": false, "username": "user16", "first_name": "User", "last_name": "Sixteen", "email": "usersixteen@email.com", "is_staff": false, "is_active": true, "date_joined": "2019-09-12T19:52:47Z", "groups": [], "user_permissions": []}}, {"model": "auth.user", "pk": 19, "fields": {"password": "pbkdf2_sha256$36000$dOYjPXJParYE$2LRZub9f8FldUZmES0hIUexU5drifeSkw/lmqwMGnkQ=", "last_login": null, "is_superuser": false, "username": "user17", "first_name": "User", "last_name": "Seventeen", "email": "userseventeen@email.com", "is_staff": false, "is_active": true, "date_joined": "2019-09-12T19:53:07Z", "groups": [], "user_permissions": []}}, {"model": "auth.user", "pk": 20, "fields": {"password": "pbkdf2_sha256$36000$vhgEje2FqiHt$eGAQGV/O7GR+2cJtsH7BolltUBGkU0fC+Kd8YJePKTM=", "last_login": null, "is_superuser": false, "username": "user18", "first_name": "User", "last_name": "Eighteen", "email": "usereighteen@email.com", "is_staff": false, "is_active": true, "date_joined": "2019-09-12T19:53:25Z", "groups": [], "user_permissions": []}}, {"model": "auth.user", "pk": 21, "fields": {"password": "pbkdf2_sha256$36000$vUmBCILlB8mc$jFoFJCdPnIl2asVwsvcwOGpq3dU7qf2G64ayfKF3FZk=", "last_login": null, "is_superuser": false, "username": "user19", "first_name": "User", "last_name": "Nineteen", "email": "usernineteen@email.com", "is_staff": false, "is_active": true, "date_joined": "2019-09-12T19:53:44Z", "groups": [], "user_permissions": []}}, {"model": "auth.user", "pk": 22, "fields": {"password": "pbkdf2_sha256$36000$DteBD0tRKIOW$ds4jAIcK64OghIDAShAHj3MFXX9O/ZV06i3YIdKnEQs=", "last_login": null, "is_superuser": false, "username": "user20", "first_name": "User", "last_name": "Twenty", "email": "usertwenty@email.com", "is_staff": false, "is_active": true, "date_joined": "2019-09-12T19:54:05Z", "groups": [], "user_permissions": []}}, {"model": "admin.logentry", "pk": 1, "fields": {"action_time": "2019-09-09T23:13:19.930Z", "user": 1, "content_type": 4, "object_id": "2", "object_repr": "admin2", "action_flag": 1, "change_message": "[{\"added\": {}}]"}}, {"model": "admin.logentry", "pk": 2, "fields": {"action_time": "2019-09-09T23:13:45.347Z", "user": 1, "content_type": 7, "object_id": "1", "object_repr": "Message", "action_flag": 1, "change_message": "[{\"added\": {}}]"}}, {"model": "admin.logentry", "pk": 3, "fields": {"action_time": "2019-09-10T00:52:36.239Z", "user": 1, "content_type": 7, "object_id": "2", "object_repr": "New report", "action_flag": 1, "change_message": "[{\"added\": {}}]"}}, {"model": "admin.logentry", "pk": 4, "fields": {"action_time": "2019-09-10T00:52:53.327Z", "user": 1, "content_type": 7, "object_id": "3", "object_repr": "New Test", "action_flag": 1, "change_message": "[{\"added\": {}}]"}}, {"model": "admin.logentry", "pk": 5, "fields": {"action_time": "2019-09-10T01:14:14.384Z", "user": 1, "content_type": 7, "object_id": "4", "object_repr": "12121212", "action_flag": 1, "change_message": "[{\"added\": {}}]"}}, {"model": "admin.logentry", "pk": 6, "fields": {"action_time": "2019-09-10T01:14:21.334Z", "user": 1, "content_type": 7, "object_id": "4", "object_repr": "12121212", "action_flag": 2, "change_message": "[{\"changed\": {\"fields\": [\"supervisors\"]}}]"}}, {"model": "admin.logentry", "pk": 7, "fields": {"action_time": "2019-09-10T01:14:32.599Z", "user": 1, "content_type": 7, "object_id": "5", "object_repr": "Teste", "action_flag": 1, "change_message": "[{\"added\": {}}]"}}, {"model": "admin.logentry", "pk": 8, "fields": {"action_time": "2019-09-12T16:44:33.339Z", "user": 1, "content_type": 4, "object_id": "3", "object_repr": "user3", "action_flag": 1, "change_message": "[{\"added\": {}}]"}}, {"model": "admin.logentry", "pk": 9, "fields": {"action_time": "2019-09-12T16:46:25.077Z", "user": 1, "content_type": 7, "object_id": "6", "object_repr": "Test response", "action_flag": 1, "change_message": "[{\"added\": {}}]"}}, {"model": "admin.logentry", "pk": 10, "fields": {"action_time": "2019-09-12T16:46:49.499Z", "user": 1, "content_type": 8, "object_id": "1", "object_repr": "Response", "action_flag": 1, "change_message": "[{\"added\": {}}]"}}, {"model": "admin.logentry", "pk": 11, "fields": {"action_time": "2019-09-12T17:38:32.922Z", "user": 1, "content_type": 4, "object_id": "1", "object_repr": "admin", "action_flag": 2, "change_message": "[{\"changed\": {\"fields\": [\"first_name\", \"last_name\"]}}]"}}, {"model": "admin.logentry", "pk": 12, "fields": {"action_time": "2019-09-12T17:39:35.604Z", "user": 1, "content_type": 4, "object_id": "2", "object_repr": "admin2", "action_flag": 2, "change_message": "[{\"changed\": {\"fields\": [\"email\"]}}]"}}, {"model": "admin.logentry", "pk": 13, "fields": {"action_time": "2019-09-12T17:39:42.755Z", "user": 1, "content_type": 4, "object_id": "2", "object_repr": "admin2", "action_flag": 2, "change_message": "[{\"changed\": {\"fields\": [\"first_name\", \"last_name\"]}}]"}}, {"model": "admin.logentry", "pk": 14, "fields": {"action_time": "2019-09-12T17:40:16.075Z", "user": 1, "content_type": 4, "object_id": "3", "object_repr": "user3", "action_flag": 2, "change_message": "[{\"changed\": {\"fields\": [\"first_name\", \"last_name\", \"email\"]}}]"}}, {"model": "admin.logentry", "pk": 15, "fields": {"action_time": "2019-09-12T19:46:09.728Z", "user": 1, "content_type": 4, "object_id": "2", "object_repr": "admin2", "action_flag": 3, "change_message": ""}}, {"model": "admin.logentry", "pk": 16, "fields": {"action_time": "2019-09-12T19:46:09.731Z", "user": 1, "content_type": 4, "object_id": "3", "object_repr": "user3", "action_flag": 3, "change_message": ""}}, {"model": "admin.logentry", "pk": 17, "fields": {"action_time": "2019-09-12T19:46:21.506Z", "user": 1, "content_type": 7, "object_id": "6", "object_repr": "Test response", "action_flag": 3, "change_message": ""}}, {"model": "admin.logentry", "pk": 18, "fields": {"action_time": "2019-09-12T19:46:21.509Z", "user": 1, "content_type": 7, "object_id": "4", "object_repr": "12121212", "action_flag": 3, "change_message": ""}}, {"model": "admin.logentry", "pk": 19, "fields": {"action_time": "2019-09-12T19:46:21.512Z", "user": 1, "content_type": 7, "object_id": "3", "object_repr": "New Test", "action_flag": 3, "change_message": ""}}, {"model": "admin.logentry", "pk": 20, "fields": {"action_time": "2019-09-12T19:46:44.242Z", "user": 1, "content_type": 4, "object_id": "1", "object_repr": "user1", "action_flag": 2, "change_message": "[{\"changed\": {\"fields\": [\"username\", \"first_name\"]}}]"}}, {"model": "admin.logentry", "pk": 21, "fields": {"action_time": "2019-09-12T19:47:15.290Z", "user": 1, "content_type": 4, "object_id": "4", "object_repr": "user2", "action_flag": 1, "change_message": "[{\"added\": {}}]"}}, {"model": "admin.logentry", "pk": 22, "fields": {"action_time": "2019-09-12T19:47:34.882Z", "user": 1, "content_type": 4, "object_id": "4", "object_repr": "user2", "action_flag": 2, "change_message": "[{\"changed\": {\"fields\": [\"first_name\", \"last_name\", \"email\"]}}]"}}, {"model": "admin.logentry", "pk": 23, "fields": {"action_time": "2019-09-12T19:47:43.924Z", "user": 1, "content_type": 4, "object_id": "1", "object_repr": "user1", "action_flag": 2, "change_message": "[{\"changed\": {\"fields\": [\"email\"]}}]"}}, {"model": "admin.logentry", "pk": 24, "fields": {"action_time": "2019-09-12T19:47:57.141Z", "user": 1, "content_type": 4, "object_id": "5", "object_repr": "user3", "action_flag": 1, "change_message": "[{\"added\": {}}]"}}, {"model": "admin.logentry", "pk": 25, "fields": {"action_time": "2019-09-12T19:48:10.530Z", "user": 1, "content_type": 4, "object_id": "5", "object_repr": "user3", "action_flag": 2, "change_message": "[{\"changed\": {\"fields\": [\"first_name\", \"last_name\", \"email\"]}}]"}}, {"model": "admin.logentry", "pk": 26, "fields": {"action_time": "2019-09-12T19:48:21.175Z", "user": 1, "content_type": 4, "object_id": "6", "object_repr": "user4", "action_flag": 1, "change_message": "[{\"added\": {}}]"}}, {"model": "admin.logentry", "pk": 27, "fields": {"action_time": "2019-09-12T19:48:31.178Z", "user": 1, "content_type": 4, "object_id": "6", "object_repr": "user4", "action_flag": 2, "change_message": "[{\"changed\": {\"fields\": [\"first_name\", \"last_name\", \"email\"]}}]"}}, {"model": "admin.logentry", "pk": 28, "fields": {"action_time": "2019-09-12T19:48:43.852Z", "user": 1, "content_type": 4, "object_id": "7", "object_repr": "user5", "action_flag": 1, "change_message": "[{\"added\": {}}]"}}, {"model": "admin.logentry", "pk": 29, "fields": {"action_time": "2019-09-12T19:48:52.058Z", "user": 1, "content_type": 4, "object_id": "7", "object_repr": "user5", "action_flag": 2, "change_message": "[{\"changed\": {\"fields\": [\"first_name\", \"last_name\", \"email\"]}}]"}}, {"model": "admin.logentry", "pk": 30, "fields": {"action_time": "2019-09-12T19:49:02.405Z", "user": 1, "content_type": 4, "object_id": "8", "object_repr": "user6", "action_flag": 1, "change_message": "[{\"added\": {}}]"}}, {"model": "admin.logentry", "pk": 31, "fields": {"action_time": "2019-09-12T19:49:12.037Z", "user": 1, "content_type": 4, "object_id": "8", "object_repr": "user6", "action_flag": 2, "change_message": "[{\"changed\": {\"fields\": [\"first_name\", \"last_name\", \"email\"]}}]"}}, {"model": "admin.logentry", "pk": 32, "fields": {"action_time": "2019-09-12T19:49:21.699Z", "user": 1, "content_type": 4, "object_id": "9", "object_repr": "user7", "action_flag": 1, "change_message": "[{\"added\": {}}]"}}, {"model": "admin.logentry", "pk": 33, "fields": {"action_time": "2019-09-12T19:49:30.667Z", "user": 1, "content_type": 4, "object_id": "9", "object_repr": "user7", "action_flag": 2, "change_message": "[{\"changed\": {\"fields\": [\"first_name\", \"last_name\", \"email\"]}}]"}}, {"model": "admin.logentry", "pk": 34, "fields": {"action_time": "2019-09-12T19:49:37.136Z", "user": 1, "content_type": 4, "object_id": "10", "object_repr": "user8", "action_flag": 1, "change_message": "[{\"added\": {}}]"}}, {"model": "admin.logentry", "pk": 35, "fields": {"action_time": "2019-09-12T19:49:48.620Z", "user": 1, "content_type": 4, "object_id": "10", "object_repr": "user8", "action_flag": 2, "change_message": "[{\"changed\": {\"fields\": [\"first_name\", \"last_name\", \"email\"]}}]"}}, {"model": "admin.logentry", "pk": 36, "fields": {"action_time": "2019-09-12T19:49:55.717Z", "user": 1, "content_type": 4, "object_id": "11", "object_repr": "user9", "action_flag": 1, "change_message": "[{\"added\": {}}]"}}, {"model": "admin.logentry", "pk": 37, "fields": {"action_time": "2019-09-12T19:50:11.397Z", "user": 1, "content_type": 4, "object_id": "11", "object_repr": "user9", "action_flag": 2, "change_message": "[{\"changed\": {\"fields\": [\"first_name\", \"last_name\", \"email\"]}}]"}}, {"model": "admin.logentry", "pk": 38, "fields": {"action_time": "2019-09-12T19:50:17.995Z", "user": 1, "content_type": 4, "object_id": "12", "object_repr": "user10", "action_flag": 1, "change_message": "[{\"added\": {}}]"}}, {"model": "admin.logentry", "pk": 39, "fields": {"action_time": "2019-09-12T19:50:31.689Z", "user": 1, "content_type": 4, "object_id": "12", "object_repr": "user10", "action_flag": 2, "change_message": "[{\"changed\": {\"fields\": [\"first_name\", \"last_name\", \"email\"]}}]"}}, {"model": "admin.logentry", "pk": 40, "fields": {"action_time": "2019-09-12T19:50:37.481Z", "user": 1, "content_type": 4, "object_id": "13", "object_repr": "user11", "action_flag": 1, "change_message": "[{\"added\": {}}]"}}, {"model": "admin.logentry", "pk": 41, "fields": {"action_time": "2019-09-12T19:50:58.376Z", "user": 1, "content_type": 4, "object_id": "13", "object_repr": "user11", "action_flag": 2, "change_message": "[{\"changed\": {\"fields\": [\"first_name\", \"last_name\", \"email\"]}}]"}}, {"model": "admin.logentry", "pk": 42, "fields": {"action_time": "2019-09-12T19:51:05.877Z", "user": 1, "content_type": 4, "object_id": "14", "object_repr": "user12", "action_flag": 1, "change_message": "[{\"added\": {}}]"}}, {"model": "admin.logentry", "pk": 43, "fields": {"action_time": "2019-09-12T19:51:19.032Z", "user": 1, "content_type": 4, "object_id": "14", "object_repr": "user12", "action_flag": 2, "change_message": "[{\"changed\": {\"fields\": [\"first_name\", \"last_name\", \"email\"]}}]"}}, {"model": "admin.logentry", "pk": 44, "fields": {"action_time": "2019-09-12T19:51:32.879Z", "user": 1, "content_type": 4, "object_id": "15", "object_repr": "user13", "action_flag": 1, "change_message": "[{\"added\": {}}]"}}, {"model": "admin.logentry", "pk": 45, "fields": {"action_time": "2019-09-12T19:51:45.535Z", "user": 1, "content_type": 4, "object_id": "15", "object_repr": "user13", "action_flag": 2, "change_message": "[{\"changed\": {\"fields\": [\"first_name\", \"last_name\", \"email\"]}}]"}}, {"model": "admin.logentry", "pk": 46, "fields": {"action_time": "2019-09-12T19:51:52.273Z", "user": 1, "content_type": 4, "object_id": "16", "object_repr": "user14", "action_flag": 1, "change_message": "[{\"added\": {}}]"}}, {"model": "admin.logentry", "pk": 47, "fields": {"action_time": "2019-09-12T19:52:04.132Z", "user": 1, "content_type": 4, "object_id": "16", "object_repr": "user14", "action_flag": 2, "change_message": "[{\"changed\": {\"fields\": [\"first_name\", \"last_name\", \"email\"]}}]"}}, {"model": "admin.logentry", "pk": 48, "fields": {"action_time": "2019-09-12T19:52:12.480Z", "user": 1, "content_type": 4, "object_id": "17", "object_repr": "user15", "action_flag": 1, "change_message": "[{\"added\": {}}]"}}, {"model": "admin.logentry", "pk": 49, "fields": {"action_time": "2019-09-12T19:52:38.320Z", "user": 1, "content_type": 4, "object_id": "17", "object_repr": "user15", "action_flag": 2, "change_message": "[{\"changed\": {\"fields\": [\"first_name\", \"last_name\", \"email\"]}}]"}}, {"model": "admin.logentry", "pk": 50, "fields": {"action_time": "2019-09-12T19:52:48.032Z", "user": 1, "content_type": 4, "object_id": "18", "object_repr": "user16", "action_flag": 1, "change_message": "[{\"added\": {}}]"}}, {"model": "admin.logentry", "pk": 51, "fields": {"action_time": "2019-09-12T19:53:00.422Z", "user": 1, "content_type": 4, "object_id": "18", "object_repr": "user16", "action_flag": 2, "change_message": "[{\"changed\": {\"fields\": [\"first_name\", \"last_name\", \"email\"]}}]"}}, {"model": "admin.logentry", "pk": 52, "fields": {"action_time": "2019-09-12T19:53:07.604Z", "user": 1, "content_type": 4, "object_id": "19", "object_repr": "user17", "action_flag": 1, "change_message": "[{\"added\": {}}]"}}, {"model": "admin.logentry", "pk": 53, "fields": {"action_time": "2019-09-12T19:53:19.411Z", "user": 1, "content_type": 4, "object_id": "19", "object_repr": "user17", "action_flag": 2, "change_message": "[{\"changed\": {\"fields\": [\"first_name\", \"last_name\", \"email\"]}}]"}}, {"model": "admin.logentry", "pk": 54, "fields": {"action_time": "2019-09-12T19:53:25.965Z", "user": 1, "content_type": 4, "object_id": "20", "object_repr": "user18", "action_flag": 1, "change_message": "[{\"added\": {}}]"}}, {"model": "admin.logentry", "pk": 55, "fields": {"action_time": "2019-09-12T19:53:38.852Z", "user": 1, "content_type": 4, "object_id": "20", "object_repr": "user18", "action_flag": 2, "change_message": "[{\"changed\": {\"fields\": [\"first_name\", \"last_name\", \"email\"]}}]"}}, {"model": "admin.logentry", "pk": 56, "fields": {"action_time": "2019-09-12T19:53:44.555Z", "user": 1, "content_type": 4, "object_id": "21", "object_repr": "user19", "action_flag": 1, "change_message": "[{\"added\": {}}]"}}, {"model": "admin.logentry", "pk": 57, "fields": {"action_time": "2019-09-12T19:53:59.192Z", "user": 1, "content_type": 4, "object_id": "21", "object_repr": "user19", "action_flag": 2, "change_message": "[{\"changed\": {\"fields\": [\"first_name\", \"last_name\", \"email\"]}}]"}}, {"model": "admin.logentry", "pk": 58, "fields": {"action_time": "2019-09-12T19:54:05.791Z", "user": 1, "content_type": 4, "object_id": "22", "object_repr": "user20", "action_flag": 1, "change_message": "[{\"added\": {}}]"}}, {"model":"reports.report","pk":1,"fields":{"author":1,"message":"Report #1","supervisors":[14]}}, {"model":"reports.report","pk":2,"fields":{"author":1,"message":"Report #2","supervisors":[19]}}, {"model":"reports.report","pk":3,"fields":{"author":1,"message":"Report #3","supervisors":[4]}}, {"model":"reports.report","pk":4,"fields":{"author":1,"message":"Report #4","supervisors":[15]}}, {"model":"reports.report","pk":5,"fields":{"author":1,"message":"Report #5","supervisors":[18]}}, {"model":"reports.report","pk":6,"fields":{"author":4,"message":"Report #6","supervisors":[17]}}, {"model":"reports.report","pk":7,"fields":{"author":4,"message":"Report #7","supervisors":[15]}}, {"model":"reports.report","pk":8,"fields":{"author":4,"message":"Report #8","supervisors":[14]}}, {"model":"reports.report","pk":9,"fields":{"author":4,"message":"Report #9","supervisors":[19]}}, {"model":"reports.report","pk":10,"fields":{"author":4,"message":"Report #10","supervisors":[5]}}, {"model":"reports.report","pk":11,"fields":{"author":5,"message":"Report #11","supervisors":[13]}}, {"model":"reports.report","pk":12,"fields":{"author":5,"message":"Report #12","supervisors":[13]}}, {"model":"reports.report","pk":13,"fields":{"author":5,"message":"Report #13","supervisors":[11]}}, {"model":"reports.report","pk":14,"fields":{"author":5,"message":"Report #14","supervisors":[14]}}, {"model":"reports.report","pk":15,"fields":{"author":5,"message":"Report #15","supervisors":[16]}}, {"model":"reports.report","pk":16,"fields":{"author":6,"message":"Report #16","supervisors":[4]}}, {"model":"reports.report","pk":17,"fields":{"author":6,"message":"Report #17","supervisors":[11]}}, {"model":"reports.report","pk":18,"fields":{"author":6,"message":"Report #18","supervisors":[19]}}, {"model":"reports.report","pk":19,"fields":{"author":6,"message":"Report #19","supervisors":[7]}}, {"model":"reports.report","pk":20,"fields":{"author":6,"message":"Report #20","supervisors":[16]}}, {"model":"reports.report","pk":21,"fields":{"author":7,"message":"Report #21","supervisors":[1]}}, {"model":"reports.report","pk":22,"fields":{"author":7,"message":"Report #22","supervisors":[13]}}, {"model":"reports.report","pk":23,"fields":{"author":7,"message":"Report #23","supervisors":[17]}}, {"model":"reports.report","pk":24,"fields":{"author":7,"message":"Report #24","supervisors":[6]}}, {"model":"reports.report","pk":25,"fields":{"author":7,"message":"Report #25","supervisors":[13]}}, {"model":"reports.report","pk":26,"fields":{"author":8,"message":"Report #26","supervisors":[9]}}, {"model":"reports.report","pk":27,"fields":{"author":8,"message":"Report #27","supervisors":[14]}}, {"model":"reports.report","pk":28,"fields":{"author":8,"message":"Report #28","supervisors":[9]}}, {"model":"reports.report","pk":29,"fields":{"author":8,"message":"Report #29","supervisors":[17]}}, {"model":"reports.report","pk":30,"fields":{"author":8,"message":"Report #30","supervisors":[13]}}, {"model":"reports.report","pk":31,"fields":{"author":9,"message":"Report #31","supervisors":[18]}}, {"model":"reports.report","pk":32,"fields":{"author":9,"message":"Report #32","supervisors":[15]}}, {"model":"reports.report","pk":33,"fields":{"author":9,"message":"Report #33","supervisors":[6]}}, {"model":"reports.report","pk":34,"fields":{"author":9,"message":"Report #34","supervisors":[5]}}, {"model":"reports.report","pk":35,"fields":{"author":9,"message":"Report #35","supervisors":[10]}}, {"model":"reports.report","pk":36,"fields":{"author":10,"message":"Report #36","supervisors":[4]}}, {"model":"reports.report","pk":37,"fields":{"author":10,"message":"Report #37","supervisors":[4]}}, {"model":"reports.report","pk":38,"fields":{"author":10,"message":"Report #38","supervisors":[6]}}, {"model":"reports.report","pk":39,"fields":{"author":10,"message":"Report #39","supervisors":[20]}}, {"model":"reports.report","pk":40,"fields":{"author":10,"message":"Report #40","supervisors":[15]}}, {"model":"reports.report","pk":41,"fields":{"author":11,"message":"Report #41","supervisors":[13]}}, {"model":"reports.report","pk":42,"fields":{"author":11,"message":"Report #42","supervisors":[5]}}, {"model":"reports.report","pk":43,"fields":{"author":11,"message":"Report #43","supervisors":[12]}}, {"model":"reports.report","pk":44,"fields":{"author":11,"message":"Report #44","supervisors":[17]}}, {"model":"reports.report","pk":45,"fields":{"author":11,"message":"Report #45","supervisors":[14]}}, {"model":"reports.report","pk":46,"fields":{"author":12,"message":"Report #46","supervisors":[17]}}, {"model":"reports.report","pk":47,"fields":{"author":12,"message":"Report #47","supervisors":[14]}}, {"model":"reports.report","pk":48,"fields":{"author":12,"message":"Report #48","supervisors":[20]}}, {"model":"reports.report","pk":49,"fields":{"author":12,"message":"Report #49","supervisors":[11]}}, {"model":"reports.report","pk":50,"fields":{"author":12,"message":"Report #50","supervisors":[1]}}, {"model":"reports.report","pk":51,"fields":{"author":13,"message":"Report #51","supervisors":[18]}}, {"model":"reports.report","pk":52,"fields":{"author":13,"message":"Report #52","supervisors":[1]}}, {"model":"reports.report","pk":53,"fields":{"author":13,"message":"Report #53","supervisors":[6]}}, {"model":"reports.report","pk":54,"fields":{"author":13,"message":"Report #54","supervisors":[18]}}, {"model":"reports.report","pk":55,"fields":{"author":13,"message":"Report #55","supervisors":[20]}}, {"model":"reports.report","pk":56,"fields":{"author":14,"message":"Report #56","supervisors":[9]}}, {"model":"reports.report","pk":57,"fields":{"author":14,"message":"Report #57","supervisors":[7]}}, {"model":"reports.report","pk":58,"fields":{"author":14,"message":"Report #58","supervisors":[9]}}, {"model":"reports.report","pk":59,"fields":{"author":14,"message":"Report #59","supervisors":[7]}}, {"model":"reports.report","pk":60,"fields":{"author":14,"message":"Report #60","supervisors":[18]}}, {"model":"reports.report","pk":61,"fields":{"author":15,"message":"Report #61","supervisors":[1]}}, {"model":"reports.report","pk":62,"fields":{"author":15,"message":"Report #62","supervisors":[16]}}, {"model":"reports.report","pk":63,"fields":{"author":15,"message":"Report #63","supervisors":[14]}}, {"model":"reports.report","pk":64,"fields":{"author":15,"message":"Report #64","supervisors":[9]}}, {"model":"reports.report","pk":65,"fields":{"author":15,"message":"Report #65","supervisors":[11]}}, {"model":"reports.report","pk":66,"fields":{"author":16,"message":"Report #66","supervisors":[17]}}, {"model":"reports.report","pk":67,"fields":{"author":16,"message":"Report #67","supervisors":[11]}}, {"model":"reports.report","pk":68,"fields":{"author":16,"message":"Report #68","supervisors":[13]}}, {"model":"reports.report","pk":69,"fields":{"author":16,"message":"Report #69","supervisors":[9]}}, {"model":"reports.report","pk":70,"fields":{"author":16,"message":"Report #70","supervisors":[14]}}, {"model":"reports.report","pk":71,"fields":{"author":17,"message":"Report #71","supervisors":[13]}}, {"model":"reports.report","pk":72,"fields":{"author":17,"message":"Report #72","supervisors":[16]}}, {"model":"reports.report","pk":73,"fields":{"author":17,"message":"Report #73","supervisors":[7]}}, {"model":"reports.report","pk":74,"fields":{"author":17,"message":"Report #74","supervisors":[20]}}, {"model":"reports.report","pk":75,"fields":{"author":17,"message":"Report #75","supervisors":[5]}}, {"model":"reports.report","pk":76,"fields":{"author":18,"message":"Report #76","supervisors":[17]}}, {"model":"reports.report","pk":77,"fields":{"author":18,"message":"Report #77","supervisors":[16]}}, {"model":"reports.report","pk":78,"fields":{"author":18,"message":"Report #78","supervisors":[20]}}, {"model":"reports.report","pk":79,"fields":{"author":18,"message":"Report #79","supervisors":[9]}}, {"model":"reports.report","pk":80,"fields":{"author":18,"message":"Report #80","supervisors":[7]}}, {"model":"reports.report","pk":81,"fields":{"author":19,"message":"Report #81","supervisors":[7]}}, {"model":"reports.report","pk":82,"fields":{"author":19,"message":"Report #82","supervisors":[17]}}, {"model":"reports.report","pk":83,"fields":{"author":19,"message":"Report #83","supervisors":[5]}}, {"model":"reports.report","pk":84,"fields":{"author":19,"message":"Report #84","supervisors":[6]}}, {"model":"reports.report","pk":85,"fields":{"author":19,"message":"Report #85","supervisors":[4]}}, {"model":"reports.report","pk":86,"fields":{"author":20,"message":"Report #86","supervisors":[21]}}, {"model":"reports.report","pk":87,"fields":{"author":20,"message":"Report #87","supervisors":[6]}}, {"model":"reports.report","pk":88,"fields":{"author":20,"message":"Report #88","supervisors":[8]}}, {"model":"reports.report","pk":89,"fields":{"author":20,"message":"Report #89","supervisors":[1]}}, {"model":"reports.report","pk":90,"fields":{"author":20,"message":"Report #90","supervisors":[4]}}, {"model":"reports.report","pk":91,"fields":{"author":21,"message":"Report #91","supervisors":[19]}}, {"model":"reports.report","pk":92,"fields":{"author":21,"message":"Report #92","supervisors":[14]}}, {"model":"reports.report","pk":93,"fields":{"author":21,"message":"Report #93","supervisors":[19]}}, {"model":"reports.report","pk":94,"fields":{"author":21,"message":"Report #94","supervisors":[1]}}, {"model":"reports.report","pk":95,"fields":{"author":21,"message":"Report #95","supervisors":[20]}}, {"model":"reports.report","pk":96,"fields":{"author":22,"message":"Report #96","supervisors":[19]}}, {"model":"reports.report","pk":97,"fields":{"author":22,"message":"Report #97","supervisors":[17]}}, {"model":"reports.report","pk":98,"fields":{"author":22,"message":"Report #98","supervisors":[1]}}, {"model":"reports.report","pk":99,"fields":{"author":22,"message":"Report #99","supervisors":[5]}}, {"model":"reports.report","pk":100,"fields":{"author":22,"message":"Report #100","supervisors":[14]}}, {"model":"reports.reportresponse","pk":1,"fields":{"message":"Report response #1","report":1,"author":12}}, {"model":"reports.reportresponse","pk":2,"fields":{"message":"Report response #2","report":1,"author":13}}, {"model":"reports.reportresponse","pk":3,"fields":{"message":"Report response #3","report":2,"author":11}}, {"model":"reports.reportresponse","pk":4,"fields":{"message":"Report response #4","report":2,"author":12}}, {"model":"reports.reportresponse","pk":5,"fields":{"message":"Report response #5","report":3,"author":4}}, {"model":"reports.reportresponse","pk":6,"fields":{"message":"Report response #6","report":3,"author":5}}, {"model":"reports.reportresponse","pk":7,"fields":{"message":"Report response #7","report":4,"author":18}}, {"model":"reports.reportresponse","pk":8,"fields":{"message":"Report response #8","report":4,"author":19}}, {"model":"reports.reportresponse","pk":9,"fields":{"message":"Report response #9","report":5,"author":9}}, {"model":"reports.reportresponse","pk":10,"fields":{"message":"Report response #10","report":5,"author":10}}, {"model":"reports.reportresponse","pk":11,"fields":{"message":"Report response #11","report":6,"author":18}}, {"model":"reports.reportresponse","pk":12,"fields":{"message":"Report response #12","report":6,"author":19}}, {"model":"reports.reportresponse","pk":13,"fields":{"message":"Report response #13","report":7,"author":5}}, {"model":"reports.reportresponse","pk":14,"fields":{"message":"Report response #14","report":7,"author":6}}, {"model":"reports.reportresponse","pk":15,"fields":{"message":"Report response #15","report":8,"author":20}}, {"model":"reports.reportresponse","pk":16,"fields":{"message":"Report response #16","report":8,"author":21}}, {"model":"reports.reportresponse","pk":17,"fields":{"message":"Report response #17","report":9,"author":10}}, {"model":"reports.reportresponse","pk":18,"fields":{"message":"Report response #18","report":9,"author":11}}, {"model":"reports.reportresponse","pk":19,"fields":{"message":"Report response #19","report":10,"author":5}}, {"model":"reports.reportresponse","pk":20,"fields":{"message":"Report response #20","report":10,"author":6}}, {"model":"reports.reportresponse","pk":21,"fields":{"message":"Report response #21","report":11,"author":15}}, {"model":"reports.reportresponse","pk":22,"fields":{"message":"Report response #22","report":11,"author":16}}, {"model":"reports.reportresponse","pk":23,"fields":{"message":"Report response #23","report":12,"author":10}}, {"model":"reports.reportresponse","pk":24,"fields":{"message":"Report response #24","report":12,"author":11}}, {"model":"reports.reportresponse","pk":25,"fields":{"message":"Report response #25","report":13,"author":11}}, {"model":"reports.reportresponse","pk":26,"fields":{"message":"Report response #26","report":13,"author":12}}, {"model":"reports.reportresponse","pk":27,"fields":{"message":"Report response #27","report":14,"author":10}}, {"model":"reports.reportresponse","pk":28,"fields":{"message":"Report response #28","report":14,"author":11}}, {"model":"reports.reportresponse","pk":29,"fields":{"message":"Report response #29","report":15,"author":4}}, {"model":"reports.reportresponse","pk":30,"fields":{"message":"Report response #30","report":15,"author":5}}, {"model":"reports.reportresponse","pk":31,"fields":{"message":"Report response #31","report":16,"author":4}}, {"model":"reports.reportresponse","pk":32,"fields":{"message":"Report response #32","report":16,"author":5}}, {"model":"reports.reportresponse","pk":33,"fields":{"message":"Report response #33","report":17,"author":7}}, {"model":"reports.reportresponse","pk":34,"fields":{"message":"Report response #34","report":17,"author":8}}, {"model":"reports.reportresponse","pk":35,"fields":{"message":"Report response #35","report":18,"author":13}}, {"model":"reports.reportresponse","pk":36,"fields":{"message":"Report response #36","report":18,"author":14}}, {"model":"reports.reportresponse","pk":37,"fields":{"message":"Report response #37","report":19,"author":5}}, {"model":"reports.reportresponse","pk":38,"fields":{"message":"Report response #38","report":19,"author":6}}, {"model":"reports.reportresponse","pk":39,"fields":{"message":"Report response #39","report":20,"author":4}}, {"model":"reports.reportresponse","pk":40,"fields":{"message":"Report response #40","report":20,"author":5}}, {"model":"reports.reportresponse","pk":41,"fields":{"message":"Report response #41","report":21,"author":9}}, {"model":"reports.reportresponse","pk":42,"fields":{"message":"Report response #42","report":21,"author":10}}, {"model":"reports.reportresponse","pk":43,"fields":{"message":"Report response #43","report":22,"author":6}}, {"model":"reports.reportresponse","pk":44,"fields":{"message":"Report response #44","report":22,"author":7}}, {"model":"reports.reportresponse","pk":45,"fields":{"message":"Report response #45","report":23,"author":4}}, {"model":"reports.reportresponse","pk":46,"fields":{"message":"Report response #46","report":23,"author":5}}, {"model":"reports.reportresponse","pk":47,"fields":{"message":"Report response #47","report":24,"author":17}}, {"model":"reports.reportresponse","pk":48,"fields":{"message":"Report response #48","report":24,"author":18}}, {"model":"reports.reportresponse","pk":49,"fields":{"message":"Report response #49","report":25,"author":18}}, {"model":"reports.reportresponse","pk":50,"fields":{"message":"Report response #50","report":25,"author":19}}, {"model":"reports.reportresponse","pk":51,"fields":{"message":"Report response #51","report":26,"author":17}}, {"model":"reports.reportresponse","pk":52,"fields":{"message":"Report response #52","report":26,"author":18}}, {"model":"reports.reportresponse","pk":53,"fields":{"message":"Report response #53","report":27,"author":10}}, {"model":"reports.reportresponse","pk":54,"fields":{"message":"Report response #54","report":27,"author":11}}, {"model":"reports.reportresponse","pk":55,"fields":{"message":"Report response #55","report":28,"author":16}}, {"model":"reports.reportresponse","pk":56,"fields":{"message":"Report response #56","report":28,"author":17}}, {"model":"reports.reportresponse","pk":57,"fields":{"message":"Report response #57","report":29,"author":9}}, {"model":"reports.reportresponse","pk":58,"fields":{"message":"Report response #58","report":29,"author":10}}, {"model":"reports.reportresponse","pk":59,"fields":{"message":"Report response #59","report":30,"author":9}}, {"model":"reports.reportresponse","pk":60,"fields":{"message":"Report response #60","report":30,"author":10}}, {"model":"reports.reportresponse","pk":61,"fields":{"message":"Report response #61","report":31,"author":20}}, {"model":"reports.reportresponse","pk":62,"fields":{"message":"Report response #62","report":31,"author":21}}, {"model":"reports.reportresponse","pk":63,"fields":{"message":"Report response #63","report":32,"author":5}}, {"model":"reports.reportresponse","pk":64,"fields":{"message":"Report response #64","report":32,"author":6}}, {"model":"reports.reportresponse","pk":65,"fields":{"message":"Report response #65","report":33,"author":12}}, {"model":"reports.reportresponse","pk":66,"fields":{"message":"Report response #66","report":33,"author":13}}, {"model":"reports.reportresponse","pk":67,"fields":{"message":"Report response #67","report":34,"author":6}}, {"model":"reports.reportresponse","pk":68,"fields":{"message":"Report response #68","report":34,"author":7}}, {"model":"reports.reportresponse","pk":69,"fields":{"message":"Report response #69","report":35,"author":1}}, {"model":"reports.reportresponse","pk":70,"fields":{"message":"Report response #70","report":35,"author":4}}, {"model":"reports.reportresponse","pk":71,"fields":{"message":"Report response #71","report":36,"author":13}}, {"model":"reports.reportresponse","pk":72,"fields":{"message":"Report response #72","report":36,"author":14}}, {"model":"reports.reportresponse","pk":73,"fields":{"message":"Report response #73","report":37,"author":8}}, {"model":"reports.reportresponse","pk":74,"fields":{"message":"Report response #74","report":37,"author":9}}, {"model":"reports.reportresponse","pk":75,"fields":{"message":"Report response #75","report":38,"author":16}}, {"model":"reports.reportresponse","pk":76,"fields":{"message":"Report response #76","report":38,"author":17}}, {"model":"reports.reportresponse","pk":77,"fields":{"message":"Report response #77","report":39,"author":8}}, {"model":"reports.reportresponse","pk":78,"fields":{"message":"Report response #78","report":39,"author":9}}, {"model":"reports.reportresponse","pk":79,"fields":{"message":"Report response #79","report":40,"author":15}}, {"model":"reports.reportresponse","pk":80,"fields":{"message":"Report response #80","report":40,"author":16}}, {"model":"reports.reportresponse","pk":81,"fields":{"message":"Report response #81","report":41,"author":8}}, {"model":"reports.reportresponse","pk":82,"fields":{"message":"Report response #82","report":41,"author":9}}, {"model":"reports.reportresponse","pk":83,"fields":{"message":"Report response #83","report":42,"author":15}}, {"model":"reports.reportresponse","pk":84,"fields":{"message":"Report response #84","report":42,"author":16}}, {"model":"reports.reportresponse","pk":85,"fields":{"message":"Report response #85","report":43,"author":7}}, {"model":"reports.reportresponse","pk":86,"fields":{"message":"Report response #86","report":43,"author":8}}, {"model":"reports.reportresponse","pk":87,"fields":{"message":"Report response #87","report":44,"author":9}}, {"model":"reports.reportresponse","pk":88,"fields":{"message":"Report response #88","report":44,"author":10}}, {"model":"reports.reportresponse","pk":89,"fields":{"message":"Report response #89","report":45,"author":20}}, {"model":"reports.reportresponse","pk":90,"fields":{"message":"Report response #90","report":45,"author":21}}, {"model":"reports.reportresponse","pk":91,"fields":{"message":"Report response #91","report":46,"author":18}}, {"model":"reports.reportresponse","pk":92,"fields":{"message":"Report response #92","report":46,"author":19}}, {"model":"reports.reportresponse","pk":93,"fields":{"message":"Report response #93","report":47,"author":13}}, {"model":"reports.reportresponse","pk":94,"fields":{"message":"Report response #94","report":47,"author":14}}, {"model":"reports.reportresponse","pk":95,"fields":{"message":"Report response #95","report":48,"author":6}}, {"model":"reports.reportresponse","pk":96,"fields":{"message":"Report response #96","report":48,"author":7}}, {"model":"reports.reportresponse","pk":97,"fields":{"message":"Report response #97","report":49,"author":20}}, {"model":"reports.reportresponse","pk":98,"fields":{"message":"Report response #98","report":49,"author":21}}, {"model":"reports.reportresponse","pk":99,"fields":{"message":"Report response #99","report":50,"author":8}}, {"model":"reports.reportresponse","pk":100,"fields":{"message":"Report response #100","report":50,"author":9}}, {"model":"reports.reportresponse","pk":101,"fields":{"message":"Report response #101","report":51,"author":7}}, {"model":"reports.reportresponse","pk":102,"fields":{"message":"Report response #102","report":51,"author":8}}, {"model":"reports.reportresponse","pk":103,"fields":{"message":"Report response #103","report":52,"author":20}}, {"model":"reports.reportresponse","pk":104,"fields":{"message":"Report response #104","report":52,"author":21}}, {"model":"reports.reportresponse","pk":105,"fields":{"message":"Report response #105","report":53,"author":5}}, {"model":"reports.reportresponse","pk":106,"fields":{"message":"Report response #106","report":53,"author":6}}, {"model":"reports.reportresponse","pk":107,"fields":{"message":"Report response #107","report":54,"author":1}}, {"model":"reports.reportresponse","pk":108,"fields":{"message":"Report response #108","report":54,"author":4}}, {"model":"reports.reportresponse","pk":109,"fields":{"message":"Report response #109","report":55,"author":12}}, {"model":"reports.reportresponse","pk":110,"fields":{"message":"Report response #110","report":55,"author":13}}, {"model":"reports.reportresponse","pk":111,"fields":{"message":"Report response #111","report":56,"author":12}}, {"model":"reports.reportresponse","pk":112,"fields":{"message":"Report response #112","report":56,"author":13}}, {"model":"reports.reportresponse","pk":113,"fields":{"message":"Report response #113","report":57,"author":19}}, {"model":"reports.reportresponse","pk":114,"fields":{"message":"Report response #114","report":57,"author":20}}, {"model":"reports.reportresponse","pk":115,"fields":{"message":"Report response #115","report":58,"author":5}}, {"model":"reports.reportresponse","pk":116,"fields":{"message":"Report response #116","report":58,"author":6}}, {"model":"reports.reportresponse","pk":117,"fields":{"message":"Report response #117","report":59,"author":16}}, {"model":"reports.reportresponse","pk":118,"fields":{"message":"Report response #118","report":59,"author":17}}, {"model":"reports.reportresponse","pk":119,"fields":{"message":"Report response #119","report":60,"author":1}}, {"model":"reports.reportresponse","pk":120,"fields":{"message":"Report response #120","report":60,"author":4}}, {"model":"reports.reportresponse","pk":121,"fields":{"message":"Report response #121","report":61,"author":6}}, {"model":"reports.reportresponse","pk":122,"fields":{"message":"Report response #122","report":61,"author":7}}, {"model":"reports.reportresponse","pk":123,"fields":{"message":"Report response #123","report":62,"author":16}}, {"model":"reports.reportresponse","pk":124,"fields":{"message":"Report response #124","report":62,"author":17}}, {"model":"reports.reportresponse","pk":125,"fields":{"message":"Report response #125","report":63,"author":12}}, {"model":"reports.reportresponse","pk":126,"fields":{"message":"Report response #126","report":63,"author":13}}, {"model":"reports.reportresponse","pk":127,"fields":{"message":"Report response #127","report":64,"author":14}}, {"model":"reports.reportresponse","pk":128,"fields":{"message":"Report response #128","report":64,"author":15}}, {"model":"reports.reportresponse","pk":129,"fields":{"message":"Report response #129","report":65,"author":16}}, {"model":"reports.reportresponse","pk":130,"fields":{"message":"Report response #130","report":65,"author":17}}, {"model":"reports.reportresponse","pk":131,"fields":{"message":"Report response #131","report":66,"author":18}}, {"model":"reports.reportresponse","pk":132,"fields":{"message":"Report response #132","report":66,"author":19}}, {"model":"reports.reportresponse","pk":133,"fields":{"message":"Report response #133","report":67,"author":13}}, {"model":"reports.reportresponse","pk":134,"fields":{"message":"Report response #134","report":67,"author":14}}, {"model":"reports.reportresponse","pk":135,"fields":{"message":"Report response #135","report":68,"author":11}}, {"model":"reports.reportresponse","pk":136,"fields":{"message":"Report response #136","report":68,"author":12}}, {"model":"reports.reportresponse","pk":137,"fields":{"message":"Report response #137","report":69,"author":11}}, {"model":"reports.reportresponse","pk":138,"fields":{"message":"Report response #138","report":69,"author":12}}, {"model":"reports.reportresponse","pk":139,"fields":{"message":"Report response #139","report":70,"author":17}}, {"model":"reports.reportresponse","pk":140,"fields":{"message":"Report response #140","report":70,"author":18}}, {"model":"reports.reportresponse","pk":141,"fields":{"message":"Report response #141","report":71,"author":19}}, {"model":"reports.reportresponse","pk":142,"fields":{"message":"Report response #142","report":71,"author":20}}, {"model":"reports.reportresponse","pk":143,"fields":{"message":"Report response #143","report":72,"author":10}}, {"model":"reports.reportresponse","pk":144,"fields":{"message":"Report response #144","report":72,"author":11}}, {"model":"reports.reportresponse","pk":145,"fields":{"message":"Report response #145","report":73,"author":6}}, {"model":"reports.reportresponse","pk":146,"fields":{"message":"Report response #146","report":73,"author":7}}, {"model":"reports.reportresponse","pk":147,"fields":{"message":"Report response #147","report":74,"author":8}}, {"model":"reports.reportresponse","pk":148,"fields":{"message":"Report response #148","report":74,"author":9}}, {"model":"reports.reportresponse","pk":149,"fields":{"message":"Report response #149","report":75,"author":5}}, {"model":"reports.reportresponse","pk":150,"fields":{"message":"Report response #150","report":75,"author":6}}, {"model":"reports.reportresponse","pk":151,"fields":{"message":"Report response #151","report":76,"author":17}}, {"model":"reports.reportresponse","pk":152,"fields":{"message":"Report response #152","report":76,"author":18}}, {"model":"reports.reportresponse","pk":153,"fields":{"message":"Report response #153","report":77,"author":16}}, {"model":"reports.reportresponse","pk":154,"fields":{"message":"Report response #154","report":77,"author":17}}, {"model":"reports.reportresponse","pk":155,"fields":{"message":"Report response #155","report":78,"author":20}}, {"model":"reports.reportresponse","pk":156,"fields":{"message":"Report response #156","report":78,"author":21}}, {"model":"reports.reportresponse","pk":157,"fields":{"message":"Report response #157","report":79,"author":12}}, {"model":"reports.reportresponse","pk":158,"fields":{"message":"Report response #158","report":79,"author":13}}, {"model":"reports.reportresponse","pk":159,"fields":{"message":"Report response #159","report":80,"author":19}}, {"model":"reports.reportresponse","pk":160,"fields":{"message":"Report response #160","report":80,"author":20}}, {"model":"reports.reportresponse","pk":161,"fields":{"message":"Report response #161","report":81,"author":12}}, {"model":"reports.reportresponse","pk":162,"fields":{"message":"Report response #162","report":81,"author":13}}, {"model":"reports.reportresponse","pk":163,"fields":{"message":"Report response #163","report":82,"author":4}}, {"model":"reports.reportresponse","pk":164,"fields":{"message":"Report response #164","report":82,"author":5}}, {"model":"reports.reportresponse","pk":165,"fields":{"message":"Report response #165","report":83,"author":7}}, {"model":"reports.reportresponse","pk":166,"fields":{"message":"Report response #166","report":83,"author":8}}, {"model":"reports.reportresponse","pk":167,"fields":{"message":"Report response #167","report":84,"author":5}}, {"model":"reports.reportresponse","pk":168,"fields":{"message":"Report response #168","report":84,"author":6}}, {"model":"reports.reportresponse","pk":169,"fields":{"message":"Report response #169","report":85,"author":6}}, {"model":"reports.reportresponse","pk":170,"fields":{"message":"Report response #170","report":85,"author":7}}, {"model":"reports.reportresponse","pk":171,"fields":{"message":"Report response #171","report":86,"author":17}}, {"model":"reports.reportresponse","pk":172,"fields":{"message":"Report response #172","report":86,"author":18}}, {"model":"reports.reportresponse","pk":173,"fields":{"message":"Report response #173","report":87,"author":18}}, {"model":"reports.reportresponse","pk":174,"fields":{"message":"Report response #174","report":87,"author":19}}, {"model":"reports.reportresponse","pk":175,"fields":{"message":"Report response #175","report":88,"author":1}}, {"model":"reports.reportresponse","pk":176,"fields":{"message":"Report response #176","report":88,"author":4}}, {"model":"reports.reportresponse","pk":177,"fields":{"message":"Report response #177","report":89,"author":18}}, {"model":"reports.reportresponse","pk":178,"fields":{"message":"Report response #178","report":89,"author":19}}, {"model":"reports.reportresponse","pk":179,"fields":{"message":"Report response #179","report":90,"author":15}}, {"model":"reports.reportresponse","pk":180,"fields":{"message":"Report response #180","report":90,"author":16}}, {"model":"reports.reportresponse","pk":181,"fields":{"message":"Report response #181","report":91,"author":4}}, {"model":"reports.reportresponse","pk":182,"fields":{"message":"Report response #182","report":91,"author":5}}, {"model":"reports.reportresponse","pk":183,"fields":{"message":"Report response #183","report":92,"author":11}}, {"model":"reports.reportresponse","pk":184,"fields":{"message":"Report response #184","report":92,"author":12}}, {"model":"reports.reportresponse","pk":185,"fields":{"message":"Report response #185","report":93,"author":18}}, {"model":"reports.reportresponse","pk":186,"fields":{"message":"Report response #186","report":93,"author":19}}, {"model":"reports.reportresponse","pk":187,"fields":{"message":"Report response #187","report":94,"author":17}}, {"model":"reports.reportresponse","pk":188,"fields":{"message":"Report response #188","report":94,"author":18}}, {"model":"reports.reportresponse","pk":189,"fields":{"message":"Report response #189","report":95,"author":15}}, {"model":"reports.reportresponse","pk":190,"fields":{"message":"Report response #190","report":95,"author":16}}, {"model":"reports.reportresponse","pk":191,"fields":{"message":"Report response #191","report":96,"author":12}}, {"model":"reports.reportresponse","pk":192,"fields":{"message":"Report response #192","report":96,"author":13}}, {"model":"reports.reportresponse","pk":193,"fields":{"message":"Report response #193","report":97,"author":15}}, {"model":"reports.reportresponse","pk":194,"fields":{"message":"Report response #194","report":97,"author":16}}, {"model":"reports.reportresponse","pk":195,"fields":{"message":"Report response #195","report":98,"author":8}}, {"model":"reports.reportresponse","pk":196,"fields":{"message":"Report response #196","report":98,"author":9}}, {"model":"reports.reportresponse","pk":197,"fields":{"message":"Report response #197","report":99,"author":7}}, {"model":"reports.reportresponse","pk":198,"fields":{"message":"Report response #198","report":99,"author":8}}, {"model":"reports.reportresponse","pk":199,"fields":{"message":"Report response #199","report":100,"author":6}}, {"model":"reports.reportresponse","pk":200,"fields":{"message":"Report response #200","report":100,"author":7}}, {"model": "admin.logentry", "pk": 59, "fields": {"action_time": "2019-09-12T19:54:17.105Z", "user": 1, "content_type": 4, "object_id": "22", "object_repr": "user20", "action_flag": 2, "change_message": "[{\"changed\": {\"fields\": [\"first_name\", \"last_name\", \"email\"]}}]"}}, {"model": "admin.logentry", "pk": 60, "fields": {"action_time": "2019-09-12T20:26:03.725Z", "user": 1, "content_type": 7, "object_id": "7", "object_repr": "Report 1", "action_flag": 1, "change_message": "[{\"added\": {}}]"}}, {"model": "admin.logentry", "pk": 61, "fields": {"action_time": "2019-09-12T20:26:30.140Z", "user": 1, "content_type": 8, "object_id": "2", "object_repr": "Response Report 1", "action_flag": 1, "change_message": "[{\"added\": {}}]"}}, {"model": "admin.logentry", "pk": 62, "fields": {"action_time": "2019-09-12T21:50:02.010Z", "user": 1, "content_type": 7, "object_id": "7", "object_repr": "Report 1", "action_flag": 3, "change_message": ""}}]